{
  "Bypass-capacitor": {
    "precision": 0.14545454545454545,
    "recall": 0.25806451612903225,
    "f1-score": 0.18604651162790697,
    "support": 31.0
  },
  "Electrolytic-capacitor": {
    "precision": 0.5,
    "recall": 0.2682926829268293,
    "f1-score": 0.3492063492063492,
    "support": 41.0
  },
  "Integrated-micro-circuit": {
    "precision": 0.42857142857142855,
    "recall": 0.06382978723404255,
    "f1-score": 0.1111111111111111,
    "support": 47.0
  },
  "LED": {
    "precision": 0.725,
    "recall": 0.6041666666666666,
    "f1-score": 0.6590909090909091,
    "support": 48.0
  },
  "PNP-transistor": {
    "precision": 0.30303030303030304,
    "recall": 0.3225806451612903,
    "f1-score": 0.3125,
    "support": 31.0
  },
  "armature": {
    "precision": 0.6470588235294118,
    "recall": 0.3333333333333333,
    "f1-score": 0.44,
    "support": 33.0
  },
  "attenuator": {
    "precision": 0.34146341463414637,
    "recall": 0.5,
    "f1-score": 0.4057971014492754,
    "support": 28.0
  },
  "cartridge-fuse": {
    "precision": 0.6818181818181818,
    "recall": 0.6521739130434783,
    "f1-score": 0.6666666666666666,
    "support": 23.0
  },
  "clip-lead": {
    "precision": 0.5666666666666667,
    "recall": 0.5862068965517241,
    "f1-score": 0.576271186440678,
    "support": 29.0
  },
  "electric-relay": {
    "precision": 0.21428571428571427,
    "recall": 0.21428571428571427,
    "f1-score": 0.21428571428571427,
    "support": 42.0
  },
  "filament": {
    "precision": 0.72,
    "recall": 0.9,
    "f1-score": 0.8,
    "support": 40.0
  },
  "heat-sink": {
    "precision": 0.4722222222222222,
    "recall": 0.40476190476190477,
    "f1-score": 0.4358974358974359,
    "support": 42.0
  },
  "induction-coil": {
    "precision": 0.5,
    "recall": 0.5,
    "f1-score": 0.5,
    "support": 16.0
  },
  "jumper-cable": {
    "precision": 0.36363636363636365,
    "recall": 0.64,
    "f1-score": 0.463768115942029,
    "support": 25.0
  },
  "junction-transistor": {
    "precision": 0.1891891891891892,
    "recall": 0.14,
    "f1-score": 0.16091954022988506,
    "support": 50.0
  },
  "light-circuit": {
    "precision": 0.125,
    "recall": 0.16666666666666666,
    "f1-score": 0.14285714285714285,
    "support": 6.0
  },
  "limiter-clipper": {
    "precision": 0.7916666666666666,
    "recall": 0.4418604651162791,
    "f1-score": 0.5671641791044776,
    "support": 43.0
  },
  "local-oscillator": {
    "precision": 0.0,
    "recall": 0.0,
    "f1-score": 0.0,
    "support": 12.0
  },
  "memory-chip": {
    "precision": 0.782608695652174,
    "recall": 0.6,
    "f1-score": 0.6792452830188679,
    "support": 30.0
  },
  "microchip": {
    "precision": 0.208955223880597,
    "recall": 0.2978723404255319,
    "f1-score": 0.24561403508771928,
    "support": 47.0
  },
  "microprocessor": {
    "precision": 0.29411764705882354,
    "recall": 0.32608695652173914,
    "f1-score": 0.30927835051546393,
    "support": 46.0
  },
  "multiplexer": {
    "precision": 0.875,
    "recall": 0.7777777777777778,
    "f1-score": 0.8235294117647058,
    "support": 9.0
  },
  "omni-directional-antenna": {
    "precision": 0.65,
    "recall": 1.0,
    "f1-score": 0.7878787878787878,
    "support": 13.0
  },
  "potential-divider": {
    "precision": 0.2413793103448276,
    "recall": 0.2916666666666667,
    "f1-score": 0.2641509433962264,
    "support": 24.0
  },
  "potentiometer": {
    "precision": 0.30952380952380953,
    "recall": 0.5531914893617021,
    "f1-score": 0.3969465648854962,
    "support": 47.0
  },
  "pulse-generator": {
    "precision": 0.8333333333333334,
    "recall": 0.46875,
    "f1-score": 0.6,
    "support": 32.0
  },
  "relay": {
    "precision": 0.1836734693877551,
    "recall": 0.2,
    "f1-score": 0.19148936170212766,
    "support": 45.0
  },
  "rheostat": {
    "precision": 0.3793103448275862,
    "recall": 0.6470588235294118,
    "f1-score": 0.4782608695652174,
    "support": 17.0
  },
  "semi-conductor": {
    "precision": 0.3333333333333333,
    "recall": 0.32558139534883723,
    "f1-score": 0.32941176470588235,
    "support": 43.0
  },
  "semiconductor-diode": {
    "precision": 0.3235294117647059,
    "recall": 0.2619047619047619,
    "f1-score": 0.2894736842105263,
    "support": 42.0
  },
  "shunt": {
    "precision": 0.16666666666666666,
    "recall": 0.09090909090909091,
    "f1-score": 0.11764705882352941,
    "support": 11.0
  },
  "solenoid": {
    "precision": 0.2962962962962963,
    "recall": 0.25,
    "f1-score": 0.2711864406779661,
    "support": 32.0
  },
  "stabilizer": {
    "precision": 0.42105263157894735,
    "recall": 0.47058823529411764,
    "f1-score": 0.4444444444444444,
    "support": 17.0
  },
  "step-down-transformer": {
    "precision": 0.2708333333333333,
    "recall": 0.3170731707317073,
    "f1-score": 0.29213483146067415,
    "support": 41.0
  },
  "step-up-transformer": {
    "precision": 0.2857142857142857,
    "recall": 0.25,
    "f1-score": 0.26666666666666666,
    "support": 16.0
  },
  "transistor": {
    "precision": 0.7142857142857143,
    "recall": 0.9375,
    "f1-score": 0.8108108108108109,
    "support": 16.0
  },
  "accuracy": 0.39461883408071746,
  "macro avg": {
    "precision": 0.4245743618524175,
    "recall": 0.4183939972318973,
    "f1-score": 0.40527086870901924,
    "support": 1115.0
  },
  "weighted avg": {
    "precision": 0.4212765098180694,
    "recall": 0.39461883408071746,
    "f1-score": 0.3897441843126881,
    "support": 1115.0
  }
}